Sequence,temp,size,Prediction type
TMGAASITL,0.2,0.52,NetMHCpan-3.0
SLASLLVSL,0.0,0.52,NetMHCpan-3.0
IMDASSFTL,0.3,0.52,NetMHCpan-3.0
YLSDSAINI,0.0,0.52,NetMHCpan-3.0
MMFDAMGAL,0.0,0.52,NetMHCpan-3.0
VMLDWGIEL,0.0,0.52,NetMHCpan-3.0
IMDEPTSSL,0.0,0.52,NetMHCpan-3.0
YMHGGSIHEV,0.0,0.52,NetMHCpan-3.0
KLMPGSIYV,0.3,0.52,NetMHCpan-3.0
AMMWRIAQL,0.3,0.52,NetMHCpan-3.0
MMMGMFNML,0.0,0.52,NetMHCpan-3.0
WMACHSAAF,0.3,0.52,NetMHCpan-3.0
SMLHPPGYPV,0.0,0.52,NetMHCpan-3.0
WMDMWESPM,0.0,0.52,NetMHCpan-3.0
FLGQADFSL,0.7,0.52,NetMHCpan-3.0
YMQQVSEGL,0.3,0.53,NetMHCpan-3.0
ALPLTGSYTI,0.0,0.53,NetMHCpan-3.0
SLAWDQLIHL,0.0,0.53,NetMHCpan-3.0
YMLDDMTFPV,0.3,0.53,NetMHCpan-3.0
FMFDYIGPPV,0.0,0.53,NetMHCpan-3.0
TLFDWGFAL,0.0,0.53,NetMHCpan-3.0
WMYEGKHVL,0.3,0.53,NetMHCpan-3.0
LMDENTYAM,0.0,0.54,NetMHCpan-3.0
YLYPWSLGL,4.2,0.54,NetMHCpan-3.0
YMMYQYIQEL,0.6,0.54,NetMHCpan-3.0
KAMSTPFSL,0.0,0.54,NetMHCpan-3.0
MMHASTSPF,0.3,0.54,NetMHCpan-3.0
VMAASGAPF,0.3,0.54,NetMHCpan-3.0
YMKKPGSSPL,0.6,0.54,NetMHCpan-3.0
YMREVGAAL,0.9,0.54,NetMHCpan-3.0
QQYAGWSAL,0.0,0.55,NetMHCpan-3.0
YMYAVSGAL,0.0,0.55,NetMHCpan-3.0
YMYRVWSPL,1.8,0.55,NetMHCpan-3.0
SVIDHIHYM,0.0,0.55,NetMHCpan-3.0
SMLSYGNVL,0.3,0.55,NetMHCpan-3.0
SLYSGFPSL,0.0,0.55,NetMHCpan-3.0
MAAAAFPAL,0.0,0.55,NetMHCpan-3.0
SQDDNYFTL,0.0,0.55,NetMHCpan-3.0
WMIHTLEAL,0.0,0.55,NetMHCpan-3.0
KQLEYSWVL,0.3,0.55,NetMHCpan-3.0
LMMSASPPPI,0.0,0.56,NetMHCpan-3.0
FMQEIPTFL,0.3,0.56,NetMHCpan-3.0
AMLAGTAVV,0.0,0.56,NetMHCpan-3.0
ALLDLGWTI,0.0,0.56,NetMHCpan-3.0
SQAFNTPAL,0.0,0.56,NetMHCpan-3.0
WQLTSIWPI,0.0,0.56,NetMHCpan-3.0
FMFNEFLLAL,0.0,0.56,NetMHCpan-3.0
SLFGAAVSL,0.0,0.57,NetMHCpan-3.0
SMNPVCLPV,0.0,0.57,NetMHCpan-3.0
MMAKSNSPF,0.0,0.57,NetMHCpan-3.0
SQAAFGLPI,0.0,0.57,NetMHCpan-3.0
FKQMEDGHTL,0.3,0.57,NetMHCpan-3.0
WMACNSAAF,0.0,0.58,NetMHCpan-3.0
AMAGSIDLL,0.0,0.58,NetMHCpan-3.0
AMVDGVSVL,0.0,0.58,NetMHCpan-3.0
GMMRWCMPV,0.4,0.58,NetMHCpan-3.0
LMMNGTSAM,0.3,0.58,NetMHCpan-3.0
SVAHSAYEL,0.2,0.58,NetMHCpan-3.0
FLDPHPYYV,0.5,0.58,NetMHCpan-3.0
GMFYGHPFAL,0.4,0.58,NetMHCpan-3.0
LQAMHGFPL,0.6,0.58,NetMHCpan-3.0
MMWATAQAL,0.3,0.58,NetMHCpan-3.0
RMMGKTNPL,0.4,0.58,NetMHCpan-3.0
WQLSGVVPL,0.0,0.59,NetMHCpan-3.0
YQAGISAAL,0.3,0.59,NetMHCpan-3.0
AANMYIYPL,0.0,0.59,NetMHCpan-3.0
FQWWRSHPL,0.6,0.59,NetMHCpan-3.0
YQLDEMYHPI,0.0,0.60,NetMHCpan-3.0
MMNYTRSFL,0.3,0.60,NetMHCpan-3.0
MMMSTAVAF,0.0,0.61,NetMHCpan-3.0
FVVDTTPPL,0.3,0.61,NetMHCpan-3.0
SQMGLMSCAL,1.3,0.61,NetMHCpan-3.0
WIFEIATPL,0.6,0.61,NetMHCpan-3.0
FQMGGIGPM,0.3,0.62,NetMHCpan-3.0
VMADEFDLEM,0.0,0.62,NetMHCpan-3.0
FMIVNNFPV,0.0,0.62,NetMHCpan-3.0
MMMPMFNAF,0.3,0.62,NetMHCpan-3.0
SMHFYGWSL,0.0,0.62,NetMHCpan-3.0
SMIEAESSV,0.0,0.62,NetMHCpan-3.0
WMMAMRYPI,0.2,0.63,NetMHCpan-3.0
AMDTISVFL,0.5,0.63,NetMHCpan-3.0
YMWLGARYL,0.3,0.64,NetMHCpan-3.0
WMIKETACL,0.4,0.65,NetMHCpan-3.0
SMMPEAMTI,0.0,0.66,NetMHCpan-3.0
GLAELLAAL,0.0,0.66,NetMHCpan-3.0
AMAAGLSSL,0.0,0.66,NetMHCpan-3.0
FMYEGDTPL,0.0,0.67,NetMHCpan-3.0
WLYPGAQNL,0.6,0.67,NetMHCpan-3.0
ALIDFLEAAV,0.0,0.67,NetMHCpan-3.0
ALFDTSASL,0.0,0.67,NetMHCpan-3.0
SLFPEFSEL,9.0,0.67,NetMHCpan-3.0
ALFDGAKPL,0.4,0.68,NetMHCpan-3.0
AMAGGIGVL,0.0,0.69,NetMHCpan-3.0
RMAATAQVL,0.2,0.75,NetMHCpan-3.0
FLPKAAYAL,1.3,16.3,PSPCL
YLPEDSDIL,44.3,16.5,PSPCL
RLPKDFVDL,22,16.9,PSPCL
YLPLSVFII,20.2,17.0,PSPCL
ALPRNAHPM,32,17.5,PSPCL
FLPDKAIDL,60.5,17.5,PSPCL
RLPAYAPLL,90.4,18.0,PSPCL
YLQUAKSQVL,75.1,18.6,PSPCL
VLPPLSADL,9.7,18.7,PSPCL
YLPEVISTI,14,18.8,PSPCL
VLPPEINSL,6.1,19.1,PSPCL
YMPSVVETL,16.4,20.1,PSPCL
LLPRRGPRL,11.8,20.4,PSPCL
HLPGFGTAF,5,20.5,PSPCL
GLPNHVHQM,7.7,20.6,PSPCL
YLIPAVTSL,4.9,20.7,PSPCL
TLPGCLIIL,1.3,20.9,PSPCL
SLPPNFSSL,20.9,21.2,PSPCL
VLPKLYVKL,1.9,21.2,PSPCL
MLMAASRAL,13.2,21.2,PSPCL
SLPPSNKPL,24.8,21.3,PSPCL
FLPPQIPVI,9.8,21.3,PSPCL
KLLEPVLLL,0.2,21.3,PSPCL
YLACKQHAL,7.1,21.5,PSPCL
YLQQNTHTL,14.1,21.5,PSPCL
RMPPLGHEL,3.2,21.5,PSPCL
MLAAPWVIM,0.9,21.8,PSPCL
FLPIFFIFA,2.2,21.9,PSPCL
LLLPIAPEL,0.4,21.9,PSPCL
FMPESSYLL,19.7,22.1,PSPCL
YLIPGSVTSL,3.9,22.2,PSPCL
YIPFAEDAL,7.6,22.3,PSPCL
KLPTNSSAI,2,22.3,PSPCL
YLMAWKQVL,13.9,22.4,PSPCL
LLPGVAHSI,2,22.5,PSPCL
FLLQDTVEL,0.3,22.5,PSPCL
KLAQAVMEM,0.3,22.5,PSPCL
ALLPPINIL,0,22.7,PSPCL
YLSAKITTL,0.9,22.7,PSPCL
VLISPVSIL,1.6,23.0,PSPCL
LLPFGQLSI,1.2,23.1,PSPCL
YLKKKNHPL,0.2,23.1,PSPCL
RLPRIFCSC,2.7,23.2,PSPCL
LLDKRQFEL,0.3,23.3,PSPCL
LLDLEGHIL,0.3,23.3,PSPCL
RLARAIIEL,1.6,23.4,PSPCL
FLPGQYMNI,1.9,23.8,PSPCL
GLPESTPSL,1.5,23.8,PSPCL
ELPIVTPAL,0.6,23.8,PSPCL
KLLPVHYYM,0.4,23.8,PSPCL
YLIGGSATL,1.3,23.8,PSPCL
KLPRWIFFA,4.3,23.9,PSPCL
AMPKTIYEL,8.5,24.0,PSPCL
FLAADALVL,4.7,24.1,PSPCL
ALPPPPPPP,0.5,24.2,PSPCL
FLILCSVLL,0.4,24.2,PSPCL
VMPPRTLLL,6.1,24.2,PSPCL
ALMEVTHVL,3,24.3,PSPCL
FLARSALIL,38.3,24.3,PSPCL
LLPPELSET,0.2,24.3,PSPCL
YISPIFIPM,57.3,24.4,PSPCL
HVPTRGTAM,3,24.5,PSPCL
YLISIFLHL,0.4,24.5,PSPCL
NLPSKPVWL,2.4,25.0,PSPCL
YLLADTFTI,0,25.7,PSPCL
SLLPAIVEL,4.9,25.7,PSPCL
LLDKQQFEL,0.3,25.7,PSPCL
LLLRPFWPA,0.1,25.9,PSPCL
ILLPWFVDL,0.5,25.9,PSPCL
KLQWLFAAL,0.2,26.0,PSPCL
RLMPDFWEF,10.5,26.1,PSPCL
LLIENVASL,0.2,26.3,PSPCL
RLDARLQVL,0.4,26.3,PSPCL
RYPRSVLTF,0,26.4,PSPCL
YLAGAGLAF,0.6,26.5,PSPCL
YLPDPTVGV,5,26.6,PSPCL
FLLENAAYL,0.2,26.7,PSPCL
YLMPYSVYI,4.9,26.7,PSPCL
WLAKSFFEL,3.9,26.7,PSPCL
YLNKIQNSL,0.5,26.7,PSPCL
FQPQSGNAM,1.3,26.9,PSPCL
CLPGVIMSV,1.2,26.9,PSPCL
VVPRYGVRL,0.5,27.0,PSPCL
RLCSNWVPL,3,27.4,PSPCL
MMPEAMTIV,0.6,27.8,PSPCL
YLIIGILTL,0.2,28.0,PSPCL
YLPRFLFGV,7.7,28.0,PSPCL
RLSSLSLAL,2.2,28.1,PSPCL
VLPFDIKKL,1.3,28.2,PSPCL
YLARYSGSM,2.9,28.3,PSPCL
YIIPCILIL,3,28.6,PSPCL
YLDMVLAFL,0.3,28.7,PSPCL
VPPGRVWVM,0.3,29.0,PSPCL
LLIADNPQL,0.7,29.1,PSPCL
LLIDFALYL,0.2,29.1,PSPCL
KLIIHNPEL,1,29.2,PSPCL
LIPLWMAGL,0.9,29.3,PSPCL
YLVDCGAEL,0.4,29.3,PSPCL
FLMYPNNIF,1.3,29.4,PSPCL
PLDGEYFTL,0.2,29.7,PSPCL
FLDKGTYTL,1.5,30.0,PSPCL
YLRQRQVAL,0.4,30.2,PSPCL
RLHDAWWTL,1.3,30.5,PSPCL
YLNDFAQLL,1.4,30.6,PSPCL
SLPITVYYA,3.2,30.7,PSPCL
FLPQILAEC,1.3,30.8,PSPCL
WLLLRQLPI,0,31.5,PSPCL
TIPANATLL,4,31.6,PSPCL
VLWAHGFEL,0.3,31.8,PSPCL
LLPEQLLKI,0.4,31.9,PSPCL
YLTSFVVPI,2.5,32.2,PSPCL
RYPGVMYAF,0,32.2,PSPCL
YLLADTFTV,0.4,32.4,PSPCL
MLLKGTLFM,0,32.7,PSPCL
YVIKKSSPL,0.4,32.8,PSPCL
YLDAIQQPV,0.3,32.8,PSPCL
FLSFASLFL,0.4,32.9,PSPCL
YLSGANLNL,0.6,33.6,PSPCL
WLPSGGTLV,0.7,33.7,PSPCL
AIPQNHALL,3.2,33.7,PSPCL
FLLMDALKL,0,33.8,PSPCL
FLLPRGLAI,0.4,33.9,PSPCL
FMPENYKLL,1.4,34.5,PSPCL
YMPDVLEKL,0.7,34.8,PSPCL
LLDEPTNHL,0.1,35.0,PSPCL
VLLAFLNSM,0.2,35.2,PSPCL
LLMTGGVTL,0.8,35.5,PSPCL
ILLRKGHVF,0,36.7,PSPCL
KLAEIFQPF,0.2,37.2,PSPCL
RVMAIFMAL,0.7,37.7,PSPCL
YLRQRQAAL,0.6,37.8,PSPCL
LPPFTQHLL,6.5,37.9,PSPCL
WLMKYPYQL,0.4,37.9,PSPCL
YLRNAGAAM,0.5,38.0,PSPCL
WLPWIPQLI,0.7,38.0,PSPCL
HMPAARPEL,0.2,38.1,PSPCL
DLPEQLTEL,0.6,38.3,PSPCL
FYPEKSTVI,13.2,38.4,PSPCL
RLLPLLALL,4.6,38.7,PSPCL
GVPKTHLEL,3.3,40.6,PSPCL
YLREHIRAM,0.3,40.6,PSPCL
FLDPASIAA,1.1,40.7,PSPCL
GLPVEYLQV,0.2,40.9,PSPCL
MLLGELLTF,0,41.1,PSPCL
YLRKHIRAL,0.5,42.4,PSPCL
YVLSFQVTF,0,42.6,PSPCL
LLYAHINAL,0.3,42.7,PSPCL
YTPEQWWPF,0.9,42.7,PSPCL
LLPDSDVFV,0.4,43.8,PSPCL
APPPPGTNL,0,44.3,PSPCL
YLLEMLWRL,0.4,44.7,PSPCL
WLDSVIQYL,0.2,45.0,PSPCL
FLQGAKWYL,2.6,46.3,PSPCL
KLQPSDTLL,0.3,46.9,PSPCL
FLLDGGAPF,0,47.2,PSPCL
SLIIPNVTL,0.2,48.2,PSPCL
FLILGMLLM,0,49.4,PSPCL
KLIADSIDF,0.1,49.6,PSPCL
IPPNKATVL,4.2,50.1,PSPCL
KLDAWLLPF,0.6,50.2,PSPCL
YLAEGHACL,0.3,52.5,PSPCL
YLVSIFLHL,0.3,52.8,PSPCL
LYPTFYCLF,0,52.9,PSPCL
WLKEKHEEL,0,53.5,PSPCL
FPPTSFGPL,1.4,53.9,PSPCL
TIPTNIPTL,0.8,54.2,PSPCL
FQPQNGQFM,0.9,55.8,PSPCL
RLLKSKLYL,0.3,58.5,PSPCL
FLSDYGPQL,0.6,60.5,PSPCL
YLRRRQKAL,0.5,60.6,PSPCL
ALIANSEQL,0.2,60.9,PSPCL
APPPFRLPL,0.3,64.8,PSPCL
SLDQSVVEL,0.2,68.6,PSPCL
FLKNRFEAL,0.5,70.3,PSPCL
HLKRTILAL,0.3,70.8,PSPCL
PVPGDWLYF,0.2,73.1,PSPCL
PILPKLFIL,0.7,76.1,PSPCL
RLKHIFLIF,0,77.6,PSPCL
TLKRRSWPL,0.3,88.6,PSPCL
RLRDAVAQL,0,89.5,PSPCL
RLLRFTGLF,0,93.6,PSPCL
FLIYFRSPL,0.6,95.9,PSPCL
RQMRASAPL,0.3,100.9,PSPCL
FLIRRFFMF,5.2,116.4,PSPCL
FLNPVIYTF,5.1,117.9,PSPCL
FLDGNEMTL,1.4,122.0,PSPCL
YYPEDPVKL,1.7,133.0,PSPCL
YLYLRPYAL,1.8,146.4,PSPCL
ALCRWGLLL,0.3,173.6,PSPCL
YCPGTTVTL,1.2,220.6,PSPCL
